"","Estimate","Std. Error","t value","Pr(>|t|)"
"OLS_beta",1.04849297915048,0.00590402144067106,177.589629320742,0
"IV_beta",1.01618259912089,0.00642225669334357,158.228275144175,0
"FELM_beta",1.0161825991209,0.00642225669334357,158.228275144177,0
"OLS_kappa",0.930910071648329,0.0129072542840691,72.1230132420431,0
"IV_kappa",0.975824898915508,0.0134046474876394,72.7975054782553,0
"FELM_kappa",0.975824898915507,0.0134046474876394,72.7975054782552,0
