"","Estimate","Std. Error","t value","Pr(>|t|)"
"ivreg_results",1.01237252159412,0.00474615482774194,213.303728668239,0
"felm_results",1.01237252159412,0.0047461548277419,213.303728668241,0
